Model,AUC
Logistic Regression,0.9989071675268314
Decision Tree,0.9868724090280975
Random Forest,0.9917457392906496
SVM,0.9941777982496558
